{
	"asset" : {
		"version" : "1.0"
	},
	"properties" : {
		"globalid" : {},
		"name" : {},
		"description" : {},
		"objecttype" : {},
		"longname" : {},
		"compositiontype" : {},
		"interiororexteriorspace" : {},
		"elevationwithflooring" : {},
		"annotation" : {},
		"axis" : {},
		"body" : {},
		"ifc_parent_id" : {},
		"ifc_parent_unique_id" : {},
		"ifc_type_object_id" : {},
		"ifc_unique_id" : {},
		"party" : {},
		"rights" : {},
		"restrictions" : {},
		"responsibilities" : {}
	},
	"geometricError" : 26.756060159194835,
	"root" : {
		"boundingVolume" : {
			"region" : [ 0.09066099329467515, 0.913756761959563, 0.09068015494171422, 0.9137665079476712, -5.95, -5.7 ]
		},
		"geometricError" : 26.756060159194835,
		"refine" : "REPLACE",
		"content" : {
			"boundingVolume" : {
				"region" : [ 0.09066099329467515, 0.913756761959563, 0.09068015494171422, 0.9137665079476712, -5.95, -5.7 ]
			},
			"uri" : "data/data2.b3dm"
		},
		"children" : [
			{
				"boundingVolume" : {
					"region" : [ 0.0906705741181947, 0.9137616349536171, 0.09068015494171422, 0.9137665079476712, -5.95, -5.7 ]
				},
				"geometricError" : 0,
				"refine" : "REPLACE",
				"content" : {
					"boundingVolume" : {
						"region" : [ 0.09067347640629254, 0.9137625329784186, 0.09068015494171422, 0.9137665079476712, -5.95, -5.7 ]
					},
					"uri" : "data/data0.b3dm"
				},
				"children" : []
			},
			{
				"boundingVolume" : {
					"region" : [ 0.09066099329467515, 0.913756761959563, 0.0906705741181947, 0.9137616349536171, -5.95, -5.7 ]
				},
				"geometricError" : 0,
				"refine" : "REPLACE",
				"content" : {
					"boundingVolume" : {
						"region" : [ 0.09066099329467515, 0.913756761959563, 0.09066417965860118, 0.9137609586378389, -5.95, -5.7 ]
					},
					"uri" : "data/data1.b3dm"
				},
				"children" : []
			}
		]
	}
}