{
	"asset" : {
		"version" : "1.0"
	},
	"properties" : {
		"globalid" : {},
		"name" : {},
		"description" : {},
		"objecttype" : {},
		"longname" : {},
		"compositiontype" : {},
		"interiororexteriorspace" : {},
		"elevationwithflooring" : {},
		"annotation" : {},
		"axis" : {},
		"body" : {},
		"ifc_parent_id" : {},
		"ifc_parent_unique_id" : {},
		"ifc_type_object_id" : {},
		"ifc_unique_id" : {},
		"party" : {},
		"rights" : {},
		"restrictions" : {},
		"responsibilities" : {}
	},
	"geometricError" : 1762.6234606305636,
	"root" : {
		"boundingVolume" : {
			"region" : [ 0.07834950158428931, 0.9045475527317931, 0.07908375976643456, 0.9047964279224481, -100, 100 ]
		},
		"geometricError" : 1762.6234606305636,
		"refine" : "REPLACE",
		"content" : {
			"boundingVolume" : {
				"region" : [ 0.07834950158428931, 0.9045475527317931, 0.07908375976643456, 0.9047964279224481, -100, 100 ]
			},
			"uri" : "data/data3.b3dm"
		},
		"children" : [
			{
				"boundingVolume" : {
					"region" : [ 0.07834950158428931, 0.9046719903271205, 0.07871663067536193, 0.9047964279224481, -100, 100 ]
				},
				"geometricError" : 0,
				"refine" : "REPLACE",
				"content" : {
					"boundingVolume" : {
						"region" : [ 0.07834950158428931, 0.904643474948212, 0.07880950749678982, 0.9047964279224481, -100, 100 ]
					},
					"uri" : "data/data0.b3dm"
				},
				"children" : []
			},
			{
				"boundingVolume" : {
					"region" : [ 0.07871663067536193, 0.9045475527317931, 0.07908375976643456, 0.9046719903271205, -100, 100 ]
				},
				"geometricError" : 0,
				"refine" : "REPLACE",
				"content" : {
					"boundingVolume" : {
						"region" : [ 0.07863750551140493, 0.904576127045731, 0.07908375976643456, 0.9046754276273266, -100, 100 ]
					},
					"uri" : "data/data1.b3dm"
				},
				"children" : []
			},
			{
				"boundingVolume" : {
					"region" : [ 0.07834950158428931, 0.9045475527317931, 0.07871663067536193, 0.9046719903271205, -100, 100 ]
				},
				"geometricError" : 0,
				"refine" : "REPLACE",
				"content" : {
					"boundingVolume" : {
						"region" : [ 0.07864624307236184, 0.9045475527317931, 0.07874643775573795, 0.9046275017831366, -100, 100 ]
					},
					"uri" : "data/data2.b3dm"
				},
				"children" : []
			}
		]
	}
}