<?xml version="1.0" encoding="UTF-8"?>
<metadata xml:lang="en"><Esri><CreaDate>20211124</CreaDate><CreaTime>12342800</CreaTime><ArcGISFormat>1.0</ArcGISFormat><SyncOnce>FALSE</SyncOnce><DataProperties><lineage><Process ToolSource="c:\program files\arcgis\pro\Resources\ArcToolbox\toolboxes\Data Management Tools.tbx\TruncateTable" Date="20210323" Time="000029">TruncateTable G:\igi\systeembeheer\db_connecties\Eigenaar\GPBUAPP\areaaldata_gpbuapp.sde\GPBUAPP.AREAALDATA.Inrichtend\GPBUAPP.AREAALDATA.buis_l</Process><Process ToolSource="c:\program files (x86)\arcgis\desktop10.7\ArcToolbox\Toolboxes\Data Management Tools.tbx\CalculateField" Date="20210608" Time="162228">CalculateField AD\Inrichtend\buis_l AD_ID generate_ad_id() PYTHON_9.3 "import uuid\n\ndef generate_ad_id():\n     _ad_id = 'AD.{0}'.format(str(uuid.uuid4()).upper().replace('-',''))\n     return _ad_id\n"</Process><Process ToolSource="c:\program files (x86)\arcgis\desktop10.7\ArcToolbox\Toolboxes\Data Management Tools.tbx\CalculateField" Date="20210608" Time="164827">CalculateField buis_l AD_ID generate_ad_id() PYTHON_9.3 "import uuid\n\ndef generate_ad_id():\n     _ad_id = 'AD.{0}'.format(str(uuid.uuid4()).upper().replace('-',''))\n     return _ad_id\n"</Process><Process ToolSource="c:\program files (x86)\arcgis\desktop10.7\ArcToolbox\Toolboxes\Data Management Tools.tbx\CalculateField" Date="20210826" Time="084537">CalculateField buis_l AD_ID generate_ad_id() PYTHON_9.3 "import uuid\n\ndef generate_ad_id():\n     _ad_id = 'AD.{0}'.format(str(uuid.uuid4()).upper().replace('-',''))\n     return _ad_id\n"</Process><Process ToolSource="c:\program files (x86)\arcgis\desktop10.7\ArcToolbox\Toolboxes\Data Management Tools.tbx\CalculateField" Date="20210826" Time="084628">CalculateField buis_l AD_ID generate_ad_id() PYTHON_9.3 "import uuid\n\ndef generate_ad_id():\n     _ad_id = 'AD.{0}'.format(str(uuid.uuid4()).upper().replace('-',''))\n     return _ad_id\n"</Process><Process ToolSource="c:\program files (x86)\arcgis\desktop10.7\ArcToolbox\Toolboxes\Data Management Tools.tbx\CalculateField" Date="20210826" Time="084712">CalculateField buis_l AD_ID generate_ad_id() PYTHON_9.3 "import uuid\n\ndef generate_ad_id():\n     _ad_id = 'AD.{0}'.format(str(uuid.uuid4()).upper().replace('-',''))\n     return _ad_id\n"</Process><Process ToolSource="c:\program files (x86)\arcgis\desktop10.7\ArcToolbox\Toolboxes\Data Management Tools.tbx\CalculateField" Date="20210826" Time="084750">CalculateField buis_l AD_ID generate_ad_id() PYTHON_9.3 "import uuid\n\ndef generate_ad_id():\n     _ad_id = 'AD.{0}'.format(str(uuid.uuid4()).upper().replace('-',''))\n     return _ad_id\n"</Process><Process ToolSource="c:\program files (x86)\arcgis\desktop10.7\ArcToolbox\Toolboxes\Data Management Tools.tbx\CalculateField" Date="20210826" Time="084811">CalculateField buis_l AD_ID generate_ad_id() PYTHON_9.3 "import uuid\n\ndef generate_ad_id():\n     _ad_id = 'AD.{0}'.format(str(uuid.uuid4()).upper().replace('-',''))\n     return _ad_id\n"</Process><Process ToolSource="c:\program files (x86)\arcgis\desktop10.7\ArcToolbox\Toolboxes\Data Management Tools.tbx\CalculateField" Date="20210826" Time="084938">CalculateField buis_l AD_ID generate_ad_id() PYTHON_9.3 "import uuid\n\ndef generate_ad_id():\n     _ad_id = 'AD.{0}'.format(str(uuid.uuid4()).upper().replace('-',''))\n     return _ad_id\n"</Process><Process ToolSource="c:\program files (x86)\arcgis\desktop10.7\ArcToolbox\Toolboxes\Data Management Tools.tbx\CalculateField" Date="20210826" Time="085013">CalculateField buis_l AD_ID generate_ad_id() PYTHON_9.3 "import uuid\n\ndef generate_ad_id():\n     _ad_id = 'AD.{0}'.format(str(uuid.uuid4()).upper().replace('-',''))\n     return _ad_id\n"</Process><Process ToolSource="c:\program files (x86)\arcgis\desktop10.7\ArcToolbox\Toolboxes\Data Management Tools.tbx\CalculateField" Date="20210826" Time="085123">CalculateField buis_l AD_ID generate_ad_id() PYTHON_9.3 "import uuid\n\ndef generate_ad_id():\n     _ad_id = 'AD.{0}'.format(str(uuid.uuid4()).upper().replace('-',''))\n     return _ad_id\n"</Process><Process ToolSource="c:\program files (x86)\arcgis\desktop10.7\ArcToolbox\Toolboxes\Data Management Tools.tbx\CalculateField" Date="20210826" Time="085315">CalculateField buis_l AD_ID generate_ad_id() PYTHON_9.3 "import uuid\n\ndef generate_ad_id():\n     _ad_id = 'AD.{0}'.format(str(uuid.uuid4()).upper().replace('-',''))\n     return _ad_id\n"</Process><Process ToolSource="c:\program files (x86)\arcgis\desktop10.7\ArcToolbox\Toolboxes\Data Management Tools.tbx\CalculateField" Date="20210826" Time="085333">CalculateField buis_l AD_ID generate_ad_id() PYTHON_9.3 "import uuid\n\ndef generate_ad_id():\n     _ad_id = 'AD.{0}'.format(str(uuid.uuid4()).upper().replace('-',''))\n     return _ad_id\n"</Process><Process ToolSource="c:\program files (x86)\arcgis\desktop10.7\ArcToolbox\Toolboxes\Data Management Tools.tbx\CalculateField" Date="20210826" Time="085355">CalculateField buis_l AD_ID generate_ad_id() PYTHON_9.3 "import uuid\n\ndef generate_ad_id():\n     _ad_id = 'AD.{0}'.format(str(uuid.uuid4()).upper().replace('-',''))\n     return _ad_id\n"</Process><Process ToolSource="c:\program files (x86)\arcgis\desktop10.7\ArcToolbox\Toolboxes\Data Management Tools.tbx\CalculateField" Date="20210826" Time="085540">CalculateField buis_l AD_ID generate_ad_id() PYTHON_9.3 "import uuid\n\ndef generate_ad_id():\n     _ad_id = 'AD.{0}'.format(str(uuid.uuid4()).upper().replace('-',''))\n     return _ad_id\n"</Process><Process ToolSource="c:\program files (x86)\arcgis\desktop10.7\ArcToolbox\Toolboxes\Data Management Tools.tbx\CalculateField" Date="20210831" Time="175121">CalculateField buis_l AD_ID generate_ad_id() PYTHON_9.3 "import uuid\n\ndef generate_ad_id():\n     _ad_id = 'AD.{0}'.format(str(uuid.uuid4()).upper().replace('-',''))\n     return _ad_id\n"</Process><Process ToolSource="c:\program files (x86)\arcgis\desktop10.7\ArcToolbox\Toolboxes\Data Management Tools.tbx\CalculateField" Date="20210831" Time="175248">CalculateField buis_l AD_ID generate_ad_id() PYTHON_9.3 "import uuid\n\ndef generate_ad_id():\n     _ad_id = 'AD.{0}'.format(str(uuid.uuid4()).upper().replace('-',''))\n     return _ad_id\n"</Process></lineage><itemProps><itemName Sync="TRUE">GPBUAPP.AREAALDATA.buis_l</itemName><imsContentType Sync="TRUE">002</imsContentType><nativeExtBox><westBL Sync="TRUE">96877.873500</westBL><eastBL Sync="TRUE">147693.795700</eastBL><southBL Sync="TRUE">465604.224400</southBL><northBL Sync="TRUE">553233.046000</northBL><exTypeCode Sync="TRUE">1</exTypeCode></nativeExtBox><relatedItems><item><itemName/></item><item><itemName/></item></relatedItems><itemLocation><linkage Sync="TRUE">Server=gisgeo-mssql.caknravo6vnv.eu-west-1.rds.amazonaws.com; Service=sde:sqlserver:gisgeo-mssql.caknravo6vnv.eu-west-1.rds.amazonaws.com; Database=GPBUAPP; User=areaaldata; Version=sde.DEFAULT</linkage><protocol Sync="TRUE">ArcSDE Connection</protocol></itemLocation></itemProps><coordRef><type Sync="TRUE">Projected</type><geogcsn Sync="TRUE">GCS_Amersfoort</geogcsn><csUnits Sync="TRUE">Linear Unit: Meter (1.000000)</csUnits><projcsn Sync="TRUE">RD_New</projcsn><peXml Sync="TRUE">&lt;ProjectedCoordinateSystem xsi:type='typens:ProjectedCoordinateSystem' xmlns:xsi='http://www.w3.org/2001/XMLSchema-instance' xmlns:xs='http://www.w3.org/2001/XMLSchema' xmlns:typens='http://www.esri.com/schemas/ArcGIS/10.7'&gt;&lt;WKT&gt;PROJCS[&amp;quot;RD_New&amp;quot;,GEOGCS[&amp;quot;GCS_Amersfoort&amp;quot;,DATUM[&amp;quot;D_Amersfoort&amp;quot;,SPHEROID[&amp;quot;Bessel_1841&amp;quot;,6377397.155,299.1528128]],PRIMEM[&amp;quot;Greenwich&amp;quot;,0.0],UNIT[&amp;quot;Degree&amp;quot;,0.0174532925199433]],PROJECTION[&amp;quot;Double_Stereographic&amp;quot;],PARAMETER[&amp;quot;False_Easting&amp;quot;,155000.0],PARAMETER[&amp;quot;False_Northing&amp;quot;,463000.0],PARAMETER[&amp;quot;Central_Meridian&amp;quot;,5.38763888888889],PARAMETER[&amp;quot;Scale_Factor&amp;quot;,0.9999079],PARAMETER[&amp;quot;Latitude_Of_Origin&amp;quot;,52.15616055555555],UNIT[&amp;quot;Meter&amp;quot;,1.0],AUTHORITY[&amp;quot;EPSG&amp;quot;,28992]]&lt;/WKT&gt;&lt;XOrigin&gt;-30515500&lt;/XOrigin&gt;&lt;YOrigin&gt;-30279500&lt;/YOrigin&gt;&lt;XYScale&gt;10000&lt;/XYScale&gt;&lt;ZOrigin&gt;-100000&lt;/ZOrigin&gt;&lt;ZScale&gt;10000&lt;/ZScale&gt;&lt;MOrigin&gt;0&lt;/MOrigin&gt;&lt;MScale&gt;1&lt;/MScale&gt;&lt;XYTolerance&gt;0.001&lt;/XYTolerance&gt;&lt;ZTolerance&gt;0.001&lt;/ZTolerance&gt;&lt;MTolerance&gt;0.001&lt;/MTolerance&gt;&lt;HighPrecision&gt;true&lt;/HighPrecision&gt;&lt;WKID&gt;28992&lt;/WKID&gt;&lt;LatestWKID&gt;28992&lt;/LatestWKID&gt;&lt;/ProjectedCoordinateSystem&gt;</peXml></coordRef></DataProperties><SyncDate>20210624</SyncDate><SyncTime>17375100</SyncTime><ModDate>20210624</ModDate><ModTime>17375100</ModTime></Esri><dataIdInfo><envirDesc Sync="TRUE"> Version 6.2 (Build 9200) ; Esri ArcGIS 10.7.1.11595</envirDesc><dataLang><languageCode value="eng" Sync="TRUE"/><countryCode value="USA" Sync="TRUE"/></dataLang><idCitation><resTitle Sync="TRUE">GPBUAPP.AREAALDATA.buis_l</resTitle><presForm><PresFormCd value="005" Sync="TRUE"/></presForm></idCitation><spatRpType><SpatRepTypCd value="001" Sync="TRUE"/></spatRpType><dataExt><vertEle><vertMinVal Sync="TRUE">-5.725000</vertMinVal><vertMaxVal Sync="TRUE">6.010000</vertMaxVal></vertEle><geoEle/></dataExt><dataExt><geoEle><GeoBndBox esriExtentType="search"><exTypeCode Sync="TRUE">1</exTypeCode><westBL Sync="TRUE">4.522478</westBL><eastBL Sync="TRUE">5.280805</eastBL><northBL Sync="TRUE">52.967145</northBL><southBL Sync="TRUE">52.176510</southBL></GeoBndBox></geoEle></dataExt></dataIdInfo><mdLang><languageCode value="eng" Sync="TRUE"/><countryCode value="USA" Sync="TRUE"/></mdLang><distInfo><distFormat><formatName Sync="TRUE">SDE Feature Class</formatName></distFormat></distInfo><mdHrLv><ScopeCd value="005" Sync="TRUE"/></mdHrLv><mdHrLvName Sync="TRUE">dataset</mdHrLvName><refSysInfo><RefSystem><refSysID><identCode code="28992" Sync="TRUE"/><idCodeSpace Sync="TRUE">EPSG</idCodeSpace><idVersion Sync="TRUE">6.7(8.0.1)</idVersion></refSysID></RefSystem></refSysInfo><spatRepInfo><VectSpatRep><geometObjs Name="GPBUAPP.AREAALDATA.buis_l"><geoObjTyp><GeoObjTypCd value="002" Sync="TRUE"/></geoObjTyp><geoObjCnt Sync="TRUE">8901</geoObjCnt></geometObjs><topLvl><TopoLevCd value="001" Sync="TRUE"/></topLvl></VectSpatRep></spatRepInfo><spdoinfo><ptvctinf><esriterm Name="GPBUAPP.AREAALDATA.buis_l"><efeatyp Sync="TRUE">Simple</efeatyp><efeageom code="3" Sync="TRUE"/><esritopo Sync="TRUE">FALSE</esritopo><efeacnt Sync="TRUE">8901</efeacnt><spindex Sync="TRUE">TRUE</spindex><linrefer Sync="TRUE">FALSE</linrefer></esriterm></ptvctinf></spdoinfo><eainfo><detailed Name="GPBUAPP.AREAALDATA.buis_l"><enttyp><enttypl Sync="TRUE">GPBUAPP.AREAALDATA.buis_l</enttypl><enttypt Sync="TRUE">Feature Class</enttypt><enttypc Sync="TRUE">8901</enttypc></enttyp><attr><attrlabl Sync="TRUE">OBJECTID</attrlabl><attalias Sync="TRUE">OBJECTID</attalias><attrtype Sync="TRUE">OID</attrtype><attwidth Sync="TRUE">4</attwidth><atprecis Sync="TRUE">10</atprecis><attscale Sync="TRUE">0</attscale><attrdef Sync="TRUE">Internal feature number.</attrdef><attrdefs Sync="TRUE">Esri</attrdefs><attrdomv><udom Sync="TRUE">Sequential unique whole numbers that are automatically generated.</udom></attrdomv></attr><attr><attrlabl Sync="TRUE">GLOBALID</attrlabl><attalias Sync="TRUE">GLOBALID</attalias><attrtype Sync="TRUE">GlobalID</attrtype><attwidth Sync="TRUE">38</attwidth><atprecis Sync="TRUE">0</atprecis><attscale Sync="TRUE">0</attscale></attr><attr><attrlabl Sync="TRUE">DATUMPLAATSING</attrlabl><attalias Sync="TRUE">DATUMPLAATSING</attalias><attrtype Sync="TRUE">Date</attrtype><attwidth Sync="TRUE">8</attwidth><atprecis Sync="TRUE">0</atprecis><attscale Sync="TRUE">0</attscale></attr><attr><attrlabl Sync="TRUE">DIAMETERMM</attrlabl><attalias Sync="TRUE">DIAMETERCM</attalias><attrtype Sync="TRUE">SmallInteger</attrtype><attwidth Sync="TRUE">2</attwidth><atprecis Sync="TRUE">5</atprecis><attscale Sync="TRUE">0</attscale></attr><attr><attrlabl Sync="TRUE">PLANJAAR</attrlabl><attalias Sync="TRUE">PLANJAAR</attalias><attrtype Sync="TRUE">SmallInteger</attrtype><attwidth Sync="TRUE">2</attwidth><atprecis Sync="TRUE">5</atprecis><attscale Sync="TRUE">0</attscale></attr><attr><attrlabl Sync="TRUE">RESTLEVENSDUUR</attrlabl><attalias Sync="TRUE">RESTLEVENSDUUR</attalias><attrtype Sync="TRUE">SmallInteger</attrtype><attwidth Sync="TRUE">2</attwidth><atprecis Sync="TRUE">5</atprecis><attscale Sync="TRUE">0</attscale></attr><attr><attrlabl Sync="TRUE">MATERIAALTYPE</attrlabl><attalias Sync="TRUE">MATERIAALTYPE</attalias><attrtype Sync="TRUE">String</attrtype><attwidth Sync="TRUE">255</attwidth><atprecis Sync="TRUE">0</atprecis><attscale Sync="TRUE">0</attscale></attr><attr><attrlabl Sync="TRUE">IDENTIFICATIE</attrlabl><attalias Sync="TRUE">IDENTIFICATIE</attalias><attrtype Sync="TRUE">String</attrtype><attwidth Sync="TRUE">255</attwidth><atprecis Sync="TRUE">0</atprecis><attscale Sync="TRUE">0</attscale></attr><attr><attrlabl Sync="TRUE">TYPESPEC</attrlabl><attalias Sync="TRUE">TYPESPEC</attalias><attrtype Sync="TRUE">String</attrtype><attwidth Sync="TRUE">255</attwidth><atprecis Sync="TRUE">0</atprecis><attscale Sync="TRUE">0</attscale></attr><attr><attrlabl Sync="TRUE">VERWERKINGSSTATUS</attrlabl><attalias Sync="TRUE">VERWERKINGSSTATUS</attalias><attrtype Sync="TRUE">String</attrtype><attwidth Sync="TRUE">255</attwidth><atprecis Sync="TRUE">0</atprecis><attscale Sync="TRUE">0</attscale></attr><attr><attrlabl Sync="TRUE">GISIB_ID</attrlabl><attalias Sync="TRUE">GISIB_ID</attalias><attrtype Sync="TRUE">Integer</attrtype><attwidth Sync="TRUE">4</attwidth><atprecis Sync="TRUE">10</atprecis><attscale Sync="TRUE">0</attscale></attr><attr><attrlabl Sync="TRUE">AD_ID</attrlabl><attalias Sync="TRUE">AD_ID</attalias><attrtype Sync="TRUE">String</attrtype><attwidth Sync="TRUE">255</attwidth><atprecis Sync="TRUE">0</atprecis><attscale Sync="TRUE">0</attscale></attr><attr><attrlabl Sync="TRUE">OBJECTBEGINTIJD</attrlabl><attalias Sync="TRUE">OBJECTBEGINTIJD</attalias><attrtype Sync="TRUE">Date</attrtype><attwidth Sync="TRUE">8</attwidth><atprecis Sync="TRUE">0</atprecis><attscale Sync="TRUE">0</attscale></attr><attr><attrlabl Sync="TRUE">OBJECTEINDTIJD</attrlabl><attalias Sync="TRUE">OBJECTEINDTIJD</attalias><attrtype Sync="TRUE">Date</attrtype><attwidth Sync="TRUE">8</attwidth><atprecis Sync="TRUE">0</atprecis><attscale Sync="TRUE">0</attscale></attr><attr><attrlabl Sync="TRUE">CREATED_USER</attrlabl><attalias Sync="TRUE">CREATED_USER</attalias><attrtype Sync="TRUE">String</attrtype><attwidth Sync="TRUE">255</attwidth><atprecis Sync="TRUE">0</atprecis><attscale Sync="TRUE">0</attscale></attr><attr><attrlabl Sync="TRUE">CREATED_DATE</attrlabl><attalias Sync="TRUE">CREATED_DATE</attalias><attrtype Sync="TRUE">Date</attrtype><attwidth Sync="TRUE">8</attwidth><atprecis Sync="TRUE">0</atprecis><attscale Sync="TRUE">0</attscale></attr><attr><attrlabl Sync="TRUE">LAST_EDITED_USER</attrlabl><attalias Sync="TRUE">LAST_EDITED_USER</attalias><attrtype Sync="TRUE">String</attrtype><attwidth Sync="TRUE">50</attwidth><atprecis Sync="TRUE">0</atprecis><attscale Sync="TRUE">0</attscale></attr><attr><attrlabl Sync="TRUE">LAST_EDITED_DATE</attrlabl><attalias Sync="TRUE">LAST_EDITED_DATE</attalias><attrtype Sync="TRUE">Date</attrtype><attwidth Sync="TRUE">8</attwidth><atprecis Sync="TRUE">0</atprecis><attscale Sync="TRUE">0</attscale></attr><attr><attrlabl Sync="TRUE">BEHEERDER</attrlabl><attalias Sync="TRUE">BEHEERDER</attalias><attrtype Sync="TRUE">String</attrtype><attwidth Sync="TRUE">255</attwidth><atprecis Sync="TRUE">0</atprecis><attscale Sync="TRUE">0</attscale></attr><attr><attrlabl Sync="TRUE">ONDERHOUDER</attrlabl><attalias Sync="TRUE">ONDERHOUDER</attalias><attrtype Sync="TRUE">String</attrtype><attwidth Sync="TRUE">255</attwidth><atprecis Sync="TRUE">0</atprecis><attscale Sync="TRUE">0</attscale></attr><attr><attrlabl Sync="TRUE">EIGENAAR</attrlabl><attalias Sync="TRUE">EIGENAAR</attalias><attrtype Sync="TRUE">String</attrtype><attwidth Sync="TRUE">255</attwidth><atprecis Sync="TRUE">0</atprecis><attscale Sync="TRUE">0</attscale></attr><attr><attrlabl Sync="TRUE">DATALEVERANCIER</attrlabl><attalias Sync="TRUE">DATALEVERANCIER</attalias><attrtype Sync="TRUE">String</attrtype><attwidth Sync="TRUE">255</attwidth><atprecis Sync="TRUE">0</atprecis><attscale Sync="TRUE">0</attscale></attr><attr><attrlabl Sync="TRUE">INNETWERK</attrlabl><attalias Sync="TRUE">INNETWERK</attalias><attrtype Sync="TRUE">String</attrtype><attwidth Sync="TRUE">255</attwidth><atprecis Sync="TRUE">0</atprecis><attscale Sync="TRUE">0</attscale></attr><attr><attrlabl Sync="TRUE">HUIDIGESTATUS</attrlabl><attalias Sync="TRUE">HUIDIGESTATUS</attalias><attrtype Sync="TRUE">String</attrtype><attwidth Sync="TRUE">50</attwidth><atprecis Sync="TRUE">0</atprecis><attscale Sync="TRUE">0</attscale></attr><attr><attrlabl Sync="TRUE">IMKL_INNETWORK</attrlabl><attalias Sync="TRUE">IMKL_InNetwork</attalias><attrtype Sync="TRUE">String</attrtype><attwidth Sync="TRUE">255</attwidth><atprecis Sync="TRUE">0</atprecis><attscale Sync="TRUE">0</attscale></attr><attr><attrlabl Sync="TRUE">VERTICALE_POSITIE</attrlabl><attalias Sync="TRUE">VERTICALE_POSITIE</attalias><attrtype Sync="TRUE">Integer</attrtype><attwidth Sync="TRUE">4</attwidth><atprecis Sync="TRUE">10</atprecis><attscale Sync="TRUE">0</attscale></attr><attr><attrlabl Sync="TRUE">AFVALWATERTYPE</attrlabl><attalias Sync="TRUE">AFVALWATERTYPE</attalias><attrtype Sync="TRUE">String</attrtype><attwidth Sync="TRUE">255</attwidth><atprecis Sync="TRUE">0</atprecis><attscale Sync="TRUE">0</attscale></attr><attr><attrlabl Sync="TRUE">INDICATIEVELIGGING</attrlabl><attalias Sync="TRUE">INDICATIEVELIGGING</attalias><attrtype Sync="TRUE">String</attrtype><attwidth Sync="TRUE">1</attwidth><atprecis Sync="TRUE">0</atprecis><attscale Sync="TRUE">0</attscale></attr><attr><attrlabl Sync="TRUE">EISVOORZORGSMAATRBUFFER</attrlabl><attalias Sync="TRUE">EISVOORZORGSMAATRBUFFER</attalias><attrtype Sync="TRUE">Integer</attrtype><attwidth Sync="TRUE">4</attwidth><atprecis Sync="TRUE">10</atprecis><attscale Sync="TRUE">0</attscale></attr><attr><attrlabl Sync="TRUE">DIEPTELEGGING</attrlabl><attalias Sync="TRUE">DIEPTELEGGING</attalias><attrtype Sync="TRUE">String</attrtype><attwidth Sync="TRUE">255</attwidth><atprecis Sync="TRUE">0</atprecis><attscale Sync="TRUE">0</attscale></attr><attr><attrlabl Sync="TRUE">LENGTE</attrlabl><attalias Sync="TRUE">LENGTE</attalias><attrtype Sync="TRUE">Double</attrtype><attwidth Sync="TRUE">8</attwidth><atprecis Sync="TRUE">38</atprecis><attscale Sync="TRUE">8</attscale></attr><attr><attrlabl Sync="TRUE">OPMERKING</attrlabl><attalias Sync="TRUE">OPMERKING</attalias><attrtype Sync="TRUE">String</attrtype><attwidth Sync="TRUE">255</attwidth><atprecis Sync="TRUE">0</atprecis><attscale Sync="TRUE">0</attscale></attr><attr><attrlabl Sync="TRUE">SHAPE</attrlabl><attalias Sync="TRUE">SHAPE</attalias><attrtype Sync="TRUE">Geometry</attrtype><attwidth Sync="TRUE">4</attwidth><atprecis Sync="TRUE">0</atprecis><attscale Sync="TRUE">0</attscale><attrdef Sync="TRUE">Feature geometry.</attrdef><attrdefs Sync="TRUE">Esri</attrdefs><attrdomv><udom Sync="TRUE">Coordinates defining the features.</udom></attrdomv></attr><attr><attrlabl Sync="TRUE">SHAPE.STLength()</attrlabl><attalias Sync="TRUE">SHAPE.STLength()</attalias><attrtype Sync="TRUE">Double</attrtype><attwidth Sync="TRUE">0</attwidth><atprecis Sync="TRUE">0</atprecis><attscale Sync="TRUE">0</attscale></attr></detailed></eainfo><mdDateSt Sync="TRUE">20210624</mdDateSt></metadata>
