{
	"asset" : {
		"version" : "1.0"
	},
	"properties" : {
		"globalid" : {},
		"name" : {},
		"description" : {},
		"objecttype" : {},
		"longname" : {},
		"compositiontype" : {},
		"interiororexteriorspace" : {},
		"elevationwithflooring" : {},
		"annotation" : {},
		"axis" : {},
		"body" : {},
		"ifc_parent_id" : {},
		"ifc_parent_unique_id" : {},
		"ifc_type_object_id" : {},
		"ifc_unique_id" : {},
		"party" : {},
		"rights" : {},
		"restrictions" : {},
		"responsibilities" : {}
	},
	"geometricError" : 200,
	"root" : {
		"boundingVolume" : {
			"region" : [ 0.09065617087297653, 0.9137591742298425, 0.09069006114441246, 0.9137759067933682, -100, 100 ]
		},
		"geometricError" : 200,
		"refine" : "REPLACE",
		"content" : {
			"boundingVolume" : {
				"region" : [ 0.09065617087297653, 0.9137591742298425, 0.09069006114441246, 0.9137759067933682, -100, 100 ]
			},
			"uri" : "data/data3.b3dm"
		},
		"children" : [
			{
				"boundingVolume" : {
					"region" : [ 0.0906731160086945, 0.9137675405116052, 0.09069006114441246, 0.9137759067933682, -100, 100 ]
				},
				"geometricError" : 0,
				"refine" : "REPLACE",
				"content" : {
					"boundingVolume" : {
						"region" : [ 0.09067016447796646, 0.9137644877506326, 0.09068998089315497, 0.9137759067933682, -100, 100 ]
					},
					"uri" : "data/data0.b3dm"
				},
				"children" : []
			},
			{
				"boundingVolume" : {
					"region" : [ 0.0906731160086945, 0.9137591742298425, 0.09069006114441246, 0.9137675405116052, -100, 100 ]
				},
				"geometricError" : 0,
				"refine" : "REPLACE",
				"content" : {
					"boundingVolume" : {
						"region" : [ 0.09065617087297653, 0.9137591742298425, 0.09069006114441246, 0.9137684945929381, -100, 100 ]
					},
					"uri" : "data/data1.b3dm"
				},
				"children" : []
			},
			{
				"boundingVolume" : {
					"region" : [ 0.09065617087297653, 0.9137591742298425, 0.0906731160086945, 0.9137675405116052, -100, 100 ]
				},
				"geometricError" : 0,
				"refine" : "REPLACE",
				"content" : {
					"boundingVolume" : {
						"region" : [ 0.09065781699287713, 0.9137603280501647, 0.09067627550990984, 0.9137712913657796, -100, 100 ]
					},
					"uri" : "data/data2.b3dm"
				},
				"children" : []
			}
		]
	}
}