{
	"asset" : {
		"version" : "1.0"
	},
	"properties" : {
		"globalid" : {},
		"name" : {},
		"description" : {},
		"objecttype" : {},
		"longname" : {},
		"compositiontype" : {},
		"interiororexteriorspace" : {},
		"elevationwithflooring" : {},
		"annotation" : {},
		"axis" : {},
		"body" : {},
		"ifc_parent_id" : {},
		"ifc_parent_unique_id" : {},
		"ifc_type_object_id" : {},
		"ifc_unique_id" : {},
		"party" : {},
		"rights" : {},
		"restrictions" : {},
		"responsibilities" : {}
	},
	"geometricError" : 48.83557619564445,
	"root" : {
		"boundingVolume" : {
			"region" : [ 0.09065620031623152, 0.9137585726218989, 0.0906896261422267, 0.913766918510219, -6.35, -5.33 ]
		},
		"geometricError" : 48.83557619564445,
		"refine" : "REPLACE",
		"content" : {
			"boundingVolume" : {
				"region" : [ 0.09065620031623152, 0.9137585726218989, 0.0906896261422267, 0.913766918510219, -6.35, -5.33 ]
			},
			"uri" : "data/data3.b3dm"
		},
		"children" : [
			{
				"boundingVolume" : {
					"region" : [ 0.09067291322922913, 0.9137627455660589, 0.0906896261422267, 0.913766918510219, -5.85, -5.33 ]
				},
				"geometricError" : 0,
				"refine" : "REPLACE",
				"content" : {
					"boundingVolume" : {
						"region" : [ 0.0906778914101145, 0.9137625133694062, 0.0906896261422267, 0.9137665333937276, -5.85, -5.33 ]
					},
					"uri" : "data/data0.b3dm"
				},
				"children" : []
			},
			{
				"boundingVolume" : {
					"region" : [ 0.09065620031623152, 0.9137627455660589, 0.09067291322922913, 0.913766918510219, -6.35, -5.75 ]
				},
				"geometricError" : 0,
				"refine" : "REPLACE",
				"content" : {
					"boundingVolume" : {
						"region" : [ 0.09065620031623152, 0.9137592586683279, 0.09066290503650316, 0.913766918510219, -6.35, -5.75 ]
					},
					"uri" : "data/data1.b3dm"
				},
				"children" : []
			},
			{
				"boundingVolume" : {
					"region" : [ 0.09065620031623152, 0.9137585726218989, 0.09067291322922913, 0.9137627455660589, -6.05, -5.36 ]
				},
				"geometricError" : 0,
				"refine" : "REPLACE",
				"content" : {
					"boundingVolume" : {
						"region" : [ 0.09066277706422374, 0.9137585726218989, 0.09067801949157679, 0.9137625917938798, -6.05, -5.36 ]
					},
					"uri" : "data/data2.b3dm"
				},
				"children" : []
			}
		]
	}
}